phoneme	ipa	type	font_reading	image_reading	agree
w	w	C	121	121	yes
uh	ʌ	V	305	273	no
m	m	C	484	457	no
h	h	C	173	493	no
d	d	C	403	480	no
ah	a	V	143	456	no
p	p	C	489	459	no
s	s	C	342	214	no
t	t	C	317	168	no
ih	ɪ	V	307	84	no
l	l	C	187	484	no
tch	t͡x	C	87	60	no
k	k	C	444	312	no
oh	o	V	118	118	yes
b	b	C	500	432	no
ch	x	C	174	174	yes
f	f	C	319	56	no
ay	aɪ	V	490	2	no
v	v	C	367	367	yes
ll	ɬ	C	469	469	yes
n	n	C	251	295	no
ee	i	V	477	50	no
g	g	C	242	120	no
ng	ŋ	C	286	286	yes
z	z	C	189	384	no
eh	ɛ	V	483	32	no
je	jɛ	V	431	431	yes
sh	ʃ	C	347	57	no
y	j	C	247	184	no
oo	u	V	371	371	yes
r	r	C	509	292	no
th	θ	C	447	447	yes
